Trecho,Tempo[h],Distancia[km],Fuel flow[l/h],Combustivel[l],Consumo[km/l],Data inicial,Data final
0.0,0.22548055555555557,0.0992779518715795,8.0008868167038,1.804044404367493,0.05503076954826223,2023-02-07 15:17:16.915,2023-02-07 15:30:48.645
1.0,0.10408055555555555,10.058980181781209,4.020885606831398,0.4184960077843491,24.036024226459524,2023-02-07 18:58:48.337,2023-02-07 19:05:03.027
2.0,0.21394694444444443,12.333627433577043,5.531832104926931,1.183518576028796,10.421152386945682,2023-02-08 08:47:07.249,2023-02-08 08:59:57.458
3.0,0.2531863888888889,11.175005982645692,10.335975701769911,2.616928363574423,4.270275846367426,2023-02-08 14:48:05.682,2023-02-08 15:03:17.153
4.0,0.2766605555555555,10.748570833893607,7.383000253284132,2.042584951740395,5.262239313344217,2023-02-08 15:18:18.828,2023-02-08 15:34:54.806
5.0,0.209865,17.282210474716255,9.152813032028302,1.9208551069666195,8.997144246870352,2023-02-09 07:59:28.861,2023-02-09 08:12:04.375
6.0,0.2454875,13.11717212481764,10.058636241345445,2.4692694642972897,5.312167146792364,2023-02-09 14:50:06.112,2023-02-09 15:04:49.867
7.0,0.1834213888888889,1.3599837011737947,8.945897581921184,1.6408689593337362,0.8288192018246276,2023-02-09 15:21:58.296,2023-02-09 15:32:58.613
8.0,0.3431447222222222,10.421355888546957,8.274611561664216,2.8393892858240557,3.670280767972413,2023-02-10 07:34:16.460,2023-02-10 07:54:51.781
9.0,0.057644999999999995,2.1217149042521686,11.224479037860966,0.6470350941374954,3.2791341976287036,2023-02-10 08:00:57.976,2023-02-10 08:04:25.498
10.0,0.2600402777777778,9.761753283595821,10.078327297438596,2.6207710299612925,3.724763885130399,2023-02-10 14:50:32.266,2023-02-10 15:06:08.411
11.0,0.5323069444444445,7.879599994513412,5.786199080125943,3.080033952289096,2.558283485367834,2023-02-10 17:59:05.860,2023-02-10 18:31:02.165
12.0,0.2750341666666667,3.1480781352778853,11.62309014242574,3.196746911413612,0.9847755304112564,2023-02-11 07:54:17.359,2023-02-11 08:10:47.482
13.0,0.44301527777777777,16.027836224560634,6.641020782405705,2.9420736666454586,5.4478024824019835,2023-02-12 11:54:46.082,2023-02-12 12:21:20.937
14.0,0.1326688888888889,8.947952166465921,5.303753837553192,0.7036431285683625,12.716605624603327,2023-02-13 07:24:34.242,2023-02-13 07:32:31.850
15.0,0.19440111111111114,0.25111655095493923,10.409240522637615,2.0235679234235553,0.12409593374562389,2023-02-13 10:58:41.397,2023-02-13 11:10:21.241
16.0,0.38593527777777775,17.910951025155665,9.66680210484465,3.730759955556027,4.800885406331709,2023-02-13 12:10:18.863,2023-02-13 12:33:28.230
17.0,0.2993572222222222,9.737726398744947,6.662380920014865,1.9944318456019832,4.882456334729147,2023-02-13 12:45:30.307,2023-02-13 13:03:27.993
18.0,0.15227416666666668,3.6794660546436053,6.5369294851132675,0.9954054899043853,3.696449428862443,2023-02-13 15:53:10.161,2023-02-13 16:02:18.348
19.0,0.21459444444444442,18.045914831826433,9.717651792132498,2.085354087637233,8.653645411496031,2023-02-14 07:57:23.577,2023-02-14 08:10:16.117
20.0,0.5275169444444444,12.138780379077824,7.774397074030873,4.1011261893905955,2.9598651244822043,2023-02-14 14:05:56.322,2023-02-14 14:37:35.383
21.0,0.04978277777777777,9.66533151415532,11.968815085882362,0.5958408616837959,16.221330451963144,2023-02-15 08:03:00.028,2023-02-15 08:05:59.246
22.0,0.024356111111111113,0.26590977283651557,6.1679651425,0.15022764434019026,1.7700455465730616,2023-02-15 08:07:54.551,2023-02-15 08:09:22.233
23.0,0.2853422222222222,9.152322071363942,7.631346721491525,2.1775454320586616,4.203045289719303,2023-02-15 08:13:11.828,2023-02-15 08:30:19.060
24.0,0.23482222222222224,13.942953528912998,10.879022824484752,2.554636315251786,5.457901559478448,2023-02-15 14:52:37.862,2023-02-15 15:06:43.222
25.0,0.37933,8.775807379973065,7.947193145288704,3.0146087758023645,2.9110932902520017,2023-02-16 07:34:10.688,2023-02-16 07:56:56.276
26.0,0.39846305555555556,0.29162864581892634,9.108528889974712,3.629412253115377,0.08035147993138592,2023-02-17 07:50:33.934,2023-02-17 08:14:28.401
27.0,0.14812111111111112,10.435825615312623,7.3732374512692305,1.0921321237680555,9.555460725124647,2023-02-17 09:14:35.840,2023-02-17 09:23:29.076
28.0,0.24738472222222224,10.687536342025664,3.20035020141464,0.7917177455907937,13.499174928876247,2023-02-17 09:26:08.291,2023-02-17 09:40:58.876
29.0,0.02678861111111111,0.29855627238737276,3.664081542173914,0.09815565551269725,3.041661438945329,2023-02-17 09:47:01.304,2023-02-17 09:48:37.743
30.0,0.589081388888889,0.02763626108997258,7.737491700182525,4.558012357259773,0.0060632264513181796,2023-02-17 09:53:37.005,2023-02-17 10:28:57.698
31.0,0.14720277777777777,18.742600589659915,10.498106286602317,1.5453504067942125,12.128382344390701,2023-02-17 11:32:28.851,2023-02-17 11:41:18.781
32.0,0.23888972222222224,16.503687077547976,8.963743666258992,2.1413462345038146,7.707154878375918,2023-02-17 14:52:43.696,2023-02-17 15:07:03.699
33.0,0.07957055555555556,9.392535683199048,3.583326068273381,0.28512724598921757,32.9415579020261,2023-02-17 17:09:19.547,2023-02-17 17:14:06.001
34.0,0.8075722222222222,18.854257651744305,5.7317781324147665,4.628824803678932,4.073227752486804,2023-02-17 17:16:28.243,2023-02-17 18:04:55.503
35.0,0.09466222222222222,3.62887254169059,9.181420028313253,0.869133623035751,4.17527575220884,2023-02-19 07:13:51.682,2023-02-19 07:19:32.466
36.0,0.012042500000000001,0.19750282557638227,3.843689635909091,0.046287632440435225,4.266859529498226,2023-02-19 07:27:17.480,2023-02-19 07:28:00.833
37.0,0.1091075,4.046917243444104,3.2125700054210538,0.3505154818664776,11.545616250370653,2023-02-19 07:34:57.851,2023-02-19 07:41:30.638
38.0,0.23714972222222222,15.161868877940975,7.363567619403342,1.7462680155060528,8.682440921617179,2023-02-19 10:53:54.666,2023-02-19 11:08:08.405
39.0,0.11031833333333334,2.351560676368612,4.320065007350428,0.47658237150255367,4.934216657982305,2023-02-19 11:11:05.507,2023-02-19 11:17:42.653
40.0,0.038537777777777775,1.0159589585256126,5.795015502058826,0.22332701963712032,4.549198570671942,2023-02-19 11:25:27.579,2023-02-19 11:27:46.315
41.0,0.3990325,10.787580237188054,4.775783047316342,1.9056926488282582,5.6607135698513344,2023-02-19 14:54:23.044,2023-02-19 15:18:19.561
42.0,0.3715191666666667,0.13121922217268234,7.11100949103555,2.641876320268285,0.04966894974074975,2023-02-19 15:25:23.686,2023-02-19 15:47:41.155
43.0,0.1350522222222222,10.503639156188093,6.660340268931037,0.8994937540752896,11.677278589873248,2023-02-19 16:08:07.408,2023-02-19 16:16:13.596
44.0,0.09717055555555557,12.653488634476528,2.6311697710071957,0.2556722284097531,49.49105623704039,2023-02-20 11:34:56.975,2023-02-20 11:40:46.789
45.0,0.13020444444444443,10.504206774082142,9.360528449260865,1.218782406442428,8.618607159536753,2023-02-20 16:57:56.132,2023-02-20 17:05:44.868
46.0,0.23524,10.510324028061056,6.46521744495169,1.5208777517504357,6.910696152905339,2023-02-21 09:10:48.545,2023-02-21 09:24:55.409
47.0,0.019715555555555556,0.1740051414023542,3.4329286714285723,0.06768209593980955,2.570918334992151,2023-02-21 11:27:18.363,2023-02-21 11:28:29.339
48.0,0.13508833333333334,6.627576121339271,11.861404806919836,1.602337406358789,4.136192599035693,2023-02-21 11:31:57.243,2023-02-21 11:40:03.561
49.0,0.2429838888888889,14.467298334449165,6.473995621737088,1.5730766328193175,9.196817264089937,2023-02-23 11:00:14.526,2023-02-23 11:14:49.268
50.0,0.015269166666666667,0.03694541438271145,2.701185240303031,0.04124484763172703,0.8957582947716285,2023-02-23 11:19:38.512,2023-02-23 11:20:33.481
51.0,0.025743333333333333,0.0,3.342430987916666,0.08604531506560137,0.0,2023-02-23 11:22:50.051,2023-02-23 11:24:22.727
52.0,0.19920666666666667,10.709967692722508,8.61320223667621,1.7158073068941457,6.241940834317267,2023-02-23 12:42:59.988,2023-02-23 12:54:57.132
53.0,0.11870027777777778,16.740648372769773,5.58202000339713,0.6625873249643514,25.265572917004498,2023-02-23 14:37:54.654,2023-02-23 14:45:01.975
54.0,0.16142083333333335,8.976033312133643,6.647604113710244,1.0730617957052024,8.364880147684978,2023-02-23 16:24:34.854,2023-02-23 16:34:15.969
55.0,0.2041763888888889,4.156192117578602,4.23224487280112,0.8641244750220475,4.8097146160251505,2023-02-23 19:03:49.292,2023-02-23 19:16:04.327
56.0,0.5241041666666667,0.016474603301219002,6.140965244918031,3.2185054722167274,0.005118712223245721,2023-02-23 19:17:36.157,2023-02-23 19:49:02.932
57.0,0.31135833333333335,11.699176428409944,4.14675328102564,1.291126190324675,9.061218427819199,2023-02-24 07:41:33.669,2023-02-24 08:00:14.559
58.0,0.37642583333333335,14.896300140569686,6.5187624660638335,2.4538305935901334,6.070631028678842,2023-02-24 14:04:54.660,2023-02-24 14:27:29.793
59.0,0.37909111111111116,11.694543132601,6.2888679408181805,2.3840539353158094,4.905318189058443,2023-02-24 18:27:50.510,2023-02-24 18:50:35.238
60.0,0.0559925,0.824518068790523,4.226614071052632,0.2366586883734145,3.4839966132557456,2023-02-27 07:24:03.030,2023-02-27 07:27:24.603
61.0,0.02874777777777778,6.0119129738272,4.882861618387095,0.1403714207250326,42.82861100055169,2023-02-27 09:12:11.495,2023-02-27 09:13:54.987
62.0,0.009257222222222222,0.0,4.333413521111111,0.04011537194570802,0.0,2023-02-27 09:17:40.616,2023-02-27 09:18:13.942
63.0,0.08685638888888889,10.375019148743574,3.6430503885526324,0.3164222012899452,32.78853097680304,2023-02-27 16:16:37.753,2023-02-27 16:21:50.436
64.0,0.12914972222222224,3.5592320758621323,4.057577764008813,0.5240350411168038,6.791973430396622,2023-02-28 07:40:54.806,2023-02-28 07:48:39.745
65.0,0.12746583333333333,0.7718320836696779,4.72500803951923,0.6022770872640183,1.281523239039197,2023-03-01 07:43:54.867,2023-03-01 07:51:33.744
66.0,0.2640361111111111,11.27494960945621,5.196543228516127,1.3720750652781761,8.217443706092212,2023-03-01 10:16:42.592,2023-03-01 10:32:33.122
67.0,0.0769288888888889,7.425017969798435,3.4217380715555565,0.2632305079135784,28.20728504705144,2023-03-01 12:27:00.737,2023-03-01 12:31:37.681
68.0,0.09100388888888888,5.945188612061483,8.682171699374994,0.7901113886441775,7.524494264363613,2023-03-01 15:22:17.768,2023-03-01 15:27:45.382
69.0,0.26241583333333335,0.47541504365236154,4.710492894301551,1.236107918268887,0.384606422000887,2023-03-02 07:39:52.096,2023-03-02 07:55:36.793
70.0,0.08415194444444445,6.345872611868289,8.419340387162162,0.7085038645193377,8.956722651292027,2023-03-02 08:03:39.541,2023-03-02 08:08:42.488
71.0,0.16501972222222222,0.7004314254221388,6.017477097395834,0.9930023990908446,0.7053673043120815,2023-03-02 15:04:24.563,2023-03-02 15:14:18.634
72.0,0.11533722222222222,1.8931065433913947,4.471768146885245,0.5157613164835584,3.6705089794219643,2023-03-02 16:34:32.709,2023-03-02 16:41:27.923
73.0,0.18536194444444445,1.9259309003787557,5.460101185757576,1.0120949726554411,1.9029151931519592,2023-03-03 07:49:21.088,2023-03-03 08:00:28.391
74.0,0.29533194444444444,15.533691451644758,6.335153337437373,1.870973153499091,8.302466244688585,2023-03-03 08:13:44.695,2023-03-03 08:31:27.890
75.0,0.007920277777777778,0.24444727981001374,4.268361862941177,0.03380661161056716,7.230753635587815,2023-03-03 08:37:29.653,2023-03-03 08:37:58.166
76.0,0.08799333333333334,11.698492811046753,7.686964961870967,0.6764016702115659,17.295186168578915,2023-03-03 09:36:08.047,2023-03-03 09:41:24.823
77.0,0.18506,0.5689247883084908,6.049888106687308,1.1195922930235533,0.5081535411181346,2023-03-03 14:54:54.653,2023-03-03 15:06:00.869
78.0,0.12356166666666667,1.3272347019828132,6.413675408009708,0.7924844228726928,1.6747770223314842,2023-03-04 15:30:04.181,2023-03-04 15:37:29.003
79.0,0.45706111111111114,15.816995847262623,6.098966343962267,2.7876003338006647,5.67405436693195,2023-03-04 15:51:13.720,2023-03-04 16:18:39.140
80.0,0.06647638888888889,6.758401209652767,4.536466986581197,0.3015679435815775,22.410874078280617,2023-03-06 08:29:29.458,2023-03-06 08:33:28.773
81.0,0.09861305555555555,2.724475363776486,6.11415792606936,0.6029357952389183,4.518682395854255,2023-03-06 14:59:27.707,2023-03-06 15:05:22.714
82.0,0.14998333333333336,5.8007277838014595,6.304704086781611,0.9456005346157954,6.134437927489475,2023-03-06 15:08:21.724,2023-03-06 15:17:21.664
83.0,0.12705166666666667,4.049651030576297,8.136499364504509,1.0337558050925721,3.917415515953164,2023-03-06 15:25:09.613,2023-03-06 15:32:46.999
84.0,0.07103111111111111,2.4164166497176494,3.3902767506034475,0.24081512456953022,10.034322611742606,2023-03-06 15:38:54.673,2023-03-06 15:43:10.385
85.0,0.12503472222222223,3.843369171547956,5.381445793541666,0.6728675799494285,5.711925029642261,2023-03-06 16:09:42.506,2023-03-06 16:17:12.631
86.0,0.31625888888888887,0.9115161035247231,4.682420464419999,1.4808570933880638,0.6155327935386788,2023-03-07 07:39:11.977,2023-03-07 07:58:10.509
87.0,0.5638625,7.807361789558639,4.147162837426251,2.338429605418259,3.3387200416333203,2023-03-07 08:00:23.861,2023-03-07 08:34:13.766
88.0,0.18853916666666667,1.1475536940455369,5.467760963641974,1.0308870956175882,1.1131710726847885,2023-03-07 13:25:04.965,2023-03-07 13:36:23.706
89.0,0.13698444444444444,6.268067206017192,5.529433082961376,0.7574463189621957,8.275262614788723,2023-03-07 14:49:58.335,2023-03-07 14:58:11.479
90.0,0.13801472222222222,8.082959232043446,4.764513505643152,0.6575730080053659,12.292109216224837,2023-03-07 17:21:18.758,2023-03-07 17:29:35.611
91.0,0.4265597222222222,11.513719005137405,5.8922521649350665,2.513397446737989,4.580938450494758,2023-03-08 07:46:38.435,2023-03-08 08:12:14.050
92.0,0.14531222222222223,2.1251121874704135,5.146040060480347,0.7477825168329781,2.841885360560082,2023-03-08 13:27:32.560,2023-03-08 13:36:15.684
93.0,0.22778416666666668,11.5116480884585,6.781982205944587,1.5448281651292495,7.45173369330392,2023-03-08 14:58:57.915,2023-03-08 15:12:37.938
94.0,0.13385444444444444,0.044215508961759104,9.049197466585365,1.211275299557858,0.03650326971737865,2023-03-08 15:25:28.496,2023-03-08 15:33:30.372
95.0,0.17676999999999998,3.730076143978698,4.848652987326007,0.8570963885696182,4.351991437280126,2023-03-09 07:41:25.158,2023-03-09 07:52:01.530
96.0,0.15320138888888887,9.609438571933707,8.6174022064684,1.3201979866451345,7.278785961757944,2023-03-09 08:04:49.893,2023-03-09 08:14:01.418
97.0,0.3480825,0.13996110058971634,6.9301872809374965,2.412276914216926,0.05802032916073839,2023-03-09 10:26:32.483,2023-03-09 10:47:25.580
98.0,0.2514708333333333,17.250986655630978,9.47046022535307,2.3815445249197245,7.243612905457841,2023-03-09 12:09:55.338,2023-03-09 12:25:00.633
99.0,0.06835194444444445,1.6889960777304391,4.478034398783782,0.30608235844598025,5.5181098522165435,2023-03-09 12:27:23.498,2023-03-09 12:31:29.565
100.0,0.28686027777777773,8.416726459222664,4.779741725884687,1.371118039193316,6.138586335115657,2023-03-09 13:40:12.344,2023-03-09 13:57:25.041
101.0,0.21747972222222223,9.538232496492313,6.309130055616797,1.3721078519594145,6.951518047849816,2023-03-09 15:00:02.968,2023-03-09 15:13:05.895
102.0,0.1699922222222222,9.082435031863612,5.430818900477526,0.9231969733786201,9.838025138475773,2023-03-09 15:33:50.746,2023-03-09 15:44:02.718
103.0,0.03455055555555556,2.5406012831336007,6.576270202923079,0.22721378899443848,11.181545338323579,2023-03-09 18:26:37.452,2023-03-09 18:28:41.834
104.0,0.008910277777777777,9.18422321290805,3.402156666875,0.03031416094537482,302.9680824568338,2023-03-09 20:47:43.750,2023-03-09 20:48:15.827
105.0,0.2889711111111111,0.07756143807965629,7.1679238260416716,2.0713229123710684,0.037445362872402535,2023-03-09 20:57:55.461,2023-03-09 21:15:15.757
106.0,0.2405863888888889,14.003737051290564,5.395870819546668,1.2981730753856624,10.787265054877464,2023-03-10 07:35:27.280,2023-03-10 07:49:53.391
107.0,0.2109877777777778,6.6969020433203275,7.954131244697671,1.6782244754715514,3.9904685822429187,2023-03-10 07:56:45.081,2023-03-10 08:09:24.637
108.0,0.06457444444444445,6.872599308309665,9.786584162456142,0.631963235299404,10.874998614521692,2023-03-10 09:28:04.588,2023-03-10 09:31:57.056
109.0,0.14610416666666667,5.186361335864334,6.915787499113924,1.0104253694017906,5.132849483910774,2023-03-10 09:36:26.751,2023-03-10 09:45:12.726
110.0,0.3006438888888889,8.250181995488088,5.446115463276518,1.637341332217365,5.038767319405112,2023-03-10 13:41:01.747,2023-03-10 13:59:04.065
111.0,0.32272333333333336,9.398958064409031,2.9596514067978514,0.955148567506492,9.840310067098695,2023-03-10 15:01:09.214,2023-03-10 15:20:31.018
112.0,0.4401916666666667,32.19955829177223,3.997641545896103,1.7597284948239156,18.298026307174293,2023-03-11 09:11:54.678,2023-03-11 09:38:19.368
113.0,0.8380072222222222,13.390353141314474,2.515011029136848,2.1075974063852225,6.353373324880156,2023-03-11 09:49:04.916,2023-03-11 10:39:21.742
114.0,0.002872777777777778,0.11141070690085664,1.5872093033333332,0.004559699615298148,24.433782112985035,2023-03-11 10:57:27.998,2023-03-11 10:57:38.340
115.0,0.014596944444444444,0.10903784058055457,7.147161580312502,0.10432672052328935,1.045157367485864,2023-03-11 11:04:05.520,2023-03-11 11:04:58.069
116.0,1.0310161111111111,14.546328235417931,3.0382336963845233,3.1324678902931073,4.643727803401943,2023-03-11 11:39:54.851,2023-03-11 12:41:46.509
117.0,0.04265111111111111,0.06348936653090888,2.0066380680232556,0.08558534319904522,0.7418252256493512,2023-03-11 12:44:44.356,2023-03-11 12:47:17.900
118.0,0.5329091666666667,7.66310272606878,7.026136807130439,3.744292710773876,2.0466088839739665,2023-03-11 15:07:02.822,2023-03-11 15:39:01.295
119.0,0.23435166666666668,39.26977897350461,3.2612259995721917,0.7642737483764092,51.381823668453436,2023-03-13 07:45:28.469,2023-03-13 07:59:32.135
120.0,0.16304583333333333,0.042410449099358274,5.477544648763251,0.893090831878145,0.0474872740661443,2023-03-13 08:01:29.964,2023-03-13 08:11:16.929
121.0,0.1618111111111111,8.774395759330401,3.1906730484452313,0.5162863511611989,16.99521155187539,2023-03-13 08:54:02.949,2023-03-13 09:03:45.469
122.0,0.19849444444444445,0.006540500729265975,2.6685443451779944,0.5296912272714699,0.012347761096511289,2023-03-14 07:36:08.737,2023-03-14 07:48:03.317
123.0,0.1530811111111111,5.863824503889009,3.4123765683271365,0.5223703966090384,11.225415034913848,2023-03-14 15:03:23.571,2023-03-14 15:12:34.663
124.0,0.0746836111111111,0.2699809398359035,5.010576656942148,0.3742079584894786,0.7214730037429026,2023-03-14 15:24:11.909,2023-03-14 15:28:40.770
125.0,0.19815527777777778,3.3698469542287737,3.7954443867365293,0.7520873367438844,4.480659079859419,2023-03-15 07:54:18.504,2023-03-15 08:06:11.863
126.0,0.14699944444444443,9.787823019599056,5.396125673733908,0.7932274761912879,12.339238507717438,2023-03-15 08:09:01.213,2023-03-15 08:17:50.411
127.0,0.117575,2.399970342309983,3.10203330758454,0.3647215661392523,6.580280863878677,2023-03-15 08:55:54.615,2023-03-15 09:02:57.885
128.0,0.02731,0.247153030014304,1.8313184160416671,0.050013305942097935,4.941745508694051,2023-03-15 09:11:50.219,2023-03-15 09:13:28.535
129.0,0.07526305555555556,2.324954355069642,2.35181238443609,0.17700458614605702,13.134995006011787,2023-03-15 09:15:59.155,2023-03-15 09:20:30.102
130.0,0.09715916666666667,4.326426637533437,4.580040239473685,0.4449928929670637,9.722462326726776,2023-03-15 10:41:40.290,2023-03-15 10:47:30.063
131.0,0.15332666666666667,7.345840403712261,3.307136018614455,0.5070721419474257,14.486775738655927,2023-03-15 14:59:32.849,2023-03-15 15:08:44.825
132.0,0.4533702777777778,8.917318711187121,4.57487624061947,2.074112912008605,4.299341014444312,2023-03-15 16:00:14.473,2023-03-15 16:27:26.606
133.0,0.056236111111111105,10.515773045267418,2.860105577979799,0.16084121507278062,65.37984086049731,2023-03-15 16:39:34.779,2023-03-15 16:42:57.229
134.0,0.15465305555555556,1.2484953679921005,2.785000330371749,0.4307088108152227,2.898699391890811,2023-03-15 17:35:57.281,2023-03-15 17:45:14.032
135.0,0.14442944444444444,4.544517085158173,3.4235133594881866,0.49445613255901244,9.190940886178195,2023-03-16 09:39:44.521,2023-03-16 09:48:24.467
136.0,0.07906388888888889,3.0147907325172194,2.5317735941726607,0.2001718661414901,15.061011273113852,2023-03-16 09:56:54.513,2023-03-16 10:01:39.143
137.0,0.20840111111111112,6.41691318564242,3.566376545737709,0.7432368347723449,8.633739456155903,2023-03-16 11:10:29.602,2023-03-16 11:22:59.846
138.0,0.1515638888888889,5.839554103404094,3.607428292107278,0.5467558608395817,10.680368555056825,2023-03-16 15:05:51.222,2023-03-16 15:14:56.852
139.0,0.17795444444444444,8.779786470781612,3.177284643820224,0.5654119236328925,15.528124016857669,2023-03-16 17:18:37.255,2023-03-16 17:29:17.891
140.0,0.28456444444444445,6.245869717545106,2.8695989273684233,0.8165858245449691,7.64876088931072,2023-03-17 07:40:18.831,2023-03-17 07:57:23.263
141.0,0.33751916666666665,4.617249649964594,3.094044773583727,1.0442994136093349,4.421384891911732,2023-03-17 08:02:02.918,2023-03-17 08:22:17.987
142.0,0.1045575,3.354877680043707,3.447122681190475,0.360422529738573,9.308179714728476,2023-03-17 10:07:05.924,2023-03-17 10:13:22.331
143.0,0.06737416666666667,2.5165116201211304,2.5171048493457944,0.16958784163729843,14.838986072499548,2023-03-17 10:18:55.421,2023-03-17 10:22:57.968
144.0,0.11640305555555555,4.2951221818651755,4.800265250238093,0.5587655426048675,7.686805742963434,2023-03-17 10:26:35.131,2023-03-17 10:33:34.182
145.0,0.14427583333333335,3.3671623287980292,2.995269423376068,0.43214499211543506,7.791742100990468,2023-03-17 10:54:33.554,2023-03-17 11:03:12.947
146.0,0.14066305555555556,3.4200949732765342,3.0759258238596483,0.4326691250463377,7.904643006154533,2023-03-17 11:05:34.818,2023-03-17 11:14:01.205
147.0,0.12625194444444446,0.8653178018914851,3.7346388741545886,0.4715054196598277,1.8352234477299907,2023-03-17 14:05:48.448,2023-03-17 14:13:22.955
148.0,0.5789344444444445,0.8685027784619774,4.555607953039016,2.6373983593993358,0.32930284322303816,2023-03-17 20:32:34.938,2023-03-17 21:07:19.102
149.0,0.38943333333333335,2.780593328677085,3.6736405114177964,1.430638069829804,1.9436036180750305,2023-03-20 07:35:38.521,2023-03-20 07:59:00.481
150.0,0.1499525,5.088505256627368,3.2193628905703418,0.4827515138482491,10.540630346375087,2023-03-20 16:17:31.043,2023-03-20 16:26:30.872
151.0,0.2184861111111111,6.840182569613511,4.16862692209239,0.9107870848810469,7.510188366918785,2023-03-20 16:48:55.683,2023-03-20 17:02:02.233
152.0,0.27320361111111113,5.572156858288783,2.9311878730227248,0.8008111117549054,6.958141285125157,2023-03-21 09:19:21.347,2023-03-21 09:35:44.880
153.0,0.16706805555555557,4.1807058889908015,2.4767221740145984,0.4137811577639473,10.103664245088218,2023-03-21 19:00:26.803,2023-03-21 19:10:28.248
154.0,0.1977583333333333,6.911799026434975,2.9730118689825575,0.5879378721902089,11.756002382848505,2023-03-22 07:30:59.007,2023-03-22 07:42:50.937
155.0,0.14741416666666668,0.09839351842435715,5.394550463607594,0.7952331611339939,0.12372914414691794,2023-03-22 07:53:02.741,2023-03-22 08:01:53.432
156.0,0.09331138888888889,4.653028459539124,3.550084763449998,0.33126333995080187,14.046312701641469,2023-03-22 08:48:54.274,2023-03-22 08:54:30.195
157.0,0.24758999999999998,8.334069515885513,2.615243298629438,0.6475080883076626,12.870989052302914,2023-03-23 07:32:44.851,2023-03-23 07:47:36.175
158.0,0.1464561111111111,6.239535921250271,5.484640741011672,0.8032591537701321,7.767774437383919,2023-03-23 07:49:32.416,2023-03-23 07:58:19.658
159.0,0.2659263888888889,6.74128070809394,2.346933180428265,0.6241114656348037,10.801405004212137,2023-03-23 17:24:59.741,2023-03-23 17:40:57.076
160.0,0.20688305555555556,0.9200102421755365,2.669653216713879,0.5523060147474851,1.6657617654158017,2023-03-23 18:02:41.363,2023-03-23 18:15:06.142
161.0,0.10367055555555556,6.37735624793937,3.7765918925136637,0.3915213796034984,16.2886539028797,2023-03-24 08:12:28.378,2023-03-24 08:18:41.592
162.0,0.1690761111111111,5.828677388635922,3.071478698181818,0.5193136736492,11.223808816120707,2023-03-24 14:56:29.274,2023-03-24 15:06:37.948
163.0,0.15173777777777778,9.435688661648227,3.6093359564044953,0.5476726172782482,17.228702629940635,2023-03-25 08:08:01.162,2023-03-25 08:17:07.418
164.0,0.19967833333333332,6.606947491605522,4.807686649544159,0.9599908573698951,6.882302514533003,2023-03-25 08:27:49.691,2023-03-25 08:39:48.533
165.0,0.18891833333333333,6.461890749764952,3.8895481617220566,0.7348069561322614,8.793997791988573,2023-03-25 11:51:06.077,2023-03-25 12:02:26.183
166.0,0.31446222222222225,4.0547401765342475,4.463909165685559,1.4037307960396268,2.8885454304870746,2023-03-25 13:11:02.817,2023-03-25 13:29:54.881
167.0,0.21347166666666667,1.6621151704035018,2.7224840324193536,0.5811732038739468,2.8599308421728358,2023-03-26 12:49:02.048,2023-03-26 13:01:50.546
168.0,0.1980236111111111,5.435701687751941,2.7225352458387118,0.5391262607582583,10.082427964289582,2023-03-27 07:29:19.230,2023-03-27 07:41:12.115
169.0,0.16308333333333333,0.30833019859427335,4.8196126602500025,0.7859984980091046,0.3922783559704739,2023-03-27 07:56:44.501,2023-03-27 08:06:31.601
170.0,0.1311613888888889,4.595688113565339,2.278739248917749,0.2988826048036754,15.376231469155162,2023-03-27 17:49:43.014,2023-03-27 17:57:35.195
171.0,0.16473027777777777,5.8174376274829065,3.42784186449827,0.5646693425170958,10.302379090656546,2023-03-29 07:49:50.303,2023-03-29 07:59:43.332
172.0,0.14435305555555558,9.377421454051522,3.3799481653543317,0.487905845288292,19.21973582528126,2023-03-29 15:08:12.081,2023-03-29 15:16:51.752
173.0,0.201135,8.769257246223779,3.194255445776257,0.6424765690862074,13.649147172318312,2023-03-29 17:03:03.336,2023-03-29 17:15:07.422
174.0,0.22869055555555554,0.02615671397270878,3.0624169395316794,0.7003458312442439,0.03734828252813101,2023-03-30 07:37:45.140,2023-03-30 07:51:28.426
175.0,0.49401249999999997,0.004843708068566329,4.110452076034885,2.0306147062121833,0.0023853407806750117,2023-03-30 12:58:26.937,2023-03-30 13:28:05.382
176.0,0.1984486111111111,6.606679881125539,3.0415600389473694,0.6035933653401624,10.945580684774864,2023-03-30 17:41:21.128,2023-03-30 17:53:15.543
177.0,0.19816472222222223,0.01618428983369805,3.222837772931594,0.6386527520402746,0.025341298196860252,2023-03-31 07:34:58.536,2023-03-31 07:46:51.929
178.0,0.15059111111111112,5.822298729787388,4.324637397698111,0.6512519508720226,8.9401632071756,2023-03-31 15:06:29.606,2023-03-31 15:15:31.734
179.0,0.07884444444444444,4.874852219759135,2.5509199983333333,0.20112587009081478,24.23781792744008,2023-04-01 06:53:36.793,2023-04-01 06:58:20.633
180.0,0.04789277777777778,1.0274174917309582,2.754044714523809,0.1318988515027522,7.7894347071666505,2023-04-01 07:03:12.556,2023-04-01 07:06:04.970
181.0,0.10056611111111112,3.34078416965667,3.385666778988764,0.3404833414809817,9.811887286835956,2023-04-01 12:32:43.501,2023-04-01 12:38:45.539
182.0,0.09779666666666666,6.051792553517879,3.4599317925000017,0.33836979620052515,17.88514406862561,2023-04-01 15:19:36.915,2023-04-01 15:25:28.983
183.0,0.10143555555555556,3.659304369906159,4.080337811348314,0.41389133274845585,8.841220099020813,2023-04-01 15:36:27.078,2023-04-01 15:42:32.246
184.0,0.4588786111111111,1.1036154709578765,4.449294163840397,2.041685926327854,0.5405412540325547,2023-04-01 19:51:54.384,2023-04-01 20:19:26.347
185.0,0.08769611111111111,6.919573187939416,6.300773073096776,0.552553295504192,12.522906377068056,2023-04-01 22:31:04.489,2023-04-01 22:36:20.195
186.0,0.08650944444444446,3.7879193713484494,3.1978326224503304,0.276642723594499,13.69245979843936,2023-04-02 13:27:32.774,2023-04-02 13:32:44.208
187.0,0.36868416666666665,12.601691507250004,3.7296159052241156,1.3750503320042986,9.164531082205222,2023-04-03 07:42:47.790,2023-04-03 08:04:55.053
188.0,0.15667638888888888,4.034386687664095,3.214285517163636,0.5036026476870532,8.011051383850404,2023-04-03 08:21:39.133,2023-04-03 08:31:03.168
189.0,0.2873969444444444,0.13628067894098195,3.7965689924151707,1.0911223277926432,0.12489954193924324,2023-04-03 09:27:07.736,2023-04-03 09:44:22.365
190.0,0.14857861111111112,5.928557518734774,3.6167502974809143,0.5373717359354122,11.032507149663969,2023-04-03 16:20:29.376,2023-04-03 16:29:24.259
191.0,0.18978055555555556,9.36999786207399,3.2884745637581685,0.6240885296403383,15.013892127570285,2023-04-04 07:50:56.801,2023-04-04 08:02:20.011
192.0,0.14744277777777778,5.669770796211371,5.567762196062504,0.8209263241935557,6.90655254816091,2023-04-04 08:04:06.071,2023-04-04 08:12:56.865
193.0,0.10380611111111111,2.18619546271499,3.1167398313661194,0.3235366412392171,6.757180436631153,2023-04-04 14:27:23.760,2023-04-04 14:33:37.462
194.0,0.05000333333333333,2.158225843799568,3.355442043409092,0.16778328697726594,12.863175365565464,2023-04-04 14:45:32.572,2023-04-04 14:48:32.584
195.0,0.055475000000000003,2.3942182104099987,2.4173408193333334,0.13410198195251669,17.853712343026757,2023-04-04 14:52:05.230,2023-04-04 14:55:24.940
196.0,0.13161083333333332,5.024211450358963,3.3781553014634143,0.4446018343550178,11.30047395699023,2023-04-05 08:56:16.754,2023-04-05 09:04:10.553
197.0,0.2715808333333333,3.527330826112265,2.7197625537796974,0.738635380824285,4.775469626402024,2023-04-05 12:10:11.753,2023-04-05 12:26:29.444
198.0,0.11743111111111111,2.8556498717817864,4.350753612054053,0.5109138308341875,5.589298428502637,2023-04-05 15:03:03.571,2023-04-05 15:10:06.323
199.0,0.26493972222222223,7.21331727591725,3.906060645582414,1.0348706224237587,6.970259972230172,2023-04-06 09:20:21.828,2023-04-06 09:36:15.611
200.0,0.19921555555555556,10.329770126822329,1.407952782658963,0.28048609579339573,36.828100507453215,2023-04-06 10:35:03.374,2023-04-06 10:47:00.550
201.0,0.15695027777777776,0.010091031474697544,1.4225189924444461,0.22326475100832036,0.04519760252849535,2023-04-06 10:49:18.008,2023-04-06 10:58:43.029
202.0,0.28723805555555554,2.7280777859275074,5.14116239456332,1.476737489509712,1.8473681377407503,2023-04-07 08:04:29.172,2023-04-07 08:21:43.229
203.0,0.2010963888888889,8.296559754785164,6.4862847283125,1.3043684361687913,6.360595307836436,2023-04-07 09:01:24.825,2023-04-07 09:13:28.772
204.0,0.11402444444444444,7.56069944607543,3.678353971675977,0.419422268090369,18.02646168621261,2023-04-08 09:21:45.817,2023-04-08 09:28:36.305
205.0,0.22420638888888889,0.011002153693920517,2.9598752770523404,0.6636229474294049,0.016578922920821554,2023-04-10 07:48:11.056,2023-04-10 08:01:38.199
206.0,0.15548499999999998,0.704764201143952,2.9016456151497,0.45116236847155106,1.5621076809476682,2023-04-10 16:05:39.746,2023-04-10 16:14:59.492
207.0,0.45650166666666664,12.069465893911623,3.5145518842282755,1.6043987927366814,7.522734340459267,2023-04-11 07:48:03.085,2023-04-11 08:15:26.491
208.0,0.114025,2.1013172556486173,3.13532143920398,0.35750502710523385,5.877727853684366,2023-04-11 13:58:04.704,2023-04-11 14:04:55.194
209.0,0.1010425,4.502030320887718,2.4277978679775276,0.24531076607511934,18.352355230545,2023-04-11 14:39:08.966,2023-04-11 14:45:12.719
210.0,0.11043527777777778,6.147609994698311,6.817273024512821,0.7528674401490247,8.165594189438496,2023-04-12 08:01:39.574,2023-04-12 08:08:17.141
211.0,0.1327363888888889,4.025332049356508,3.4957637075213692,0.4640150509452205,8.67500319473844,2023-04-12 09:06:37.956,2023-04-12 09:14:35.807
212.0,0.0981025,2.752354420171234,2.7687926497093027,0.27162548091810684,10.13290215214032,2023-04-12 09:47:33.707,2023-04-12 09:53:26.876
213.0,0.016428611111111113,0.04229009752971383,2.0399965903448276,0.03351431065076781,1.2618519285803946,2023-04-12 09:56:25.428,2023-04-12 09:57:24.571
214.0,0.2599622222222222,8.038226360559813,5.640797295436686,1.466394200026822,5.48162721893798,2023-04-12 10:02:52.107,2023-04-12 10:18:27.971
215.0,0.1435913888888889,5.861881631825291,5.88208904071146,0.8446173349238706,6.940280988139618,2023-04-12 15:03:34.746,2023-04-12 15:12:11.675
216.0,0.19748527777777777,3.5685298111562265,5.454534207261144,1.0771902030693579,3.3128130955777517,2023-04-13 07:47:27.613,2023-04-13 07:59:18.560
217.0,0.18839638888888888,9.156204580945861,6.515033358373489,1.2274087582082156,7.459784297377987,2023-04-13 08:02:45.187,2023-04-13 08:14:03.414
218.0,1.2518216666666666,47.50158999028543,8.670608770986242,10.854055922710614,4.376390754620576,2023-04-13 13:00:30.021,2023-04-13 14:15:36.579
219.0,0.8976844444444445,0.04192123906247203,9.078534507131883,8.149659205404403,0.005143925409135167,2023-04-13 14:55:59.461,2023-04-13 15:49:51.125
220.0,0.18957527777777777,46.24605103143893,10.135924515545458,1.921520705569118,24.067422691519596,2023-04-13 15:56:17.838,2023-04-13 16:07:40.309
221.0,0.13533555555555557,9.773671557241268,9.752383395397482,1.3198442248068933,7.405170529629173,2023-04-14 08:07:10.990,2023-04-14 08:15:18.198
222.0,0.1101763888888889,6.188855097184823,6.025101728144334,0.6638239510951467,9.323036758427788,2023-04-14 09:30:25.031,2023-04-14 09:37:01.666
223.0,0.002711111111111111,1.7071030988432785,3.946723986,0.010700007250933332,159.54223757132243,2023-04-14 09:44:14.956,2023-04-14 09:44:24.716
224.0,0.4449005555555556,3.836402483435336,9.343788774118412,4.157056816599045,0.9228650587879043,2023-04-14 13:35:41.996,2023-04-14 14:02:23.638
225.0,0.21685055555555557,16.22564113732463,7.583815521719574,1.644554609115735,9.866282972536277,2023-04-14 14:33:41.736,2023-04-14 14:46:42.398
226.0,0.23293388888888888,7.778702656886847,9.406543820098276,2.1911028330192366,3.550131257951121,2023-04-14 14:51:15.636,2023-04-14 15:05:14.198
227.0,0.1461822222222222,14.341556839314707,5.951184691673152,0.8699574030836517,16.48535524668175,2023-04-14 16:01:31.628,2023-04-14 16:10:17.884
228.0,0.20188,6.773482091593067,5.791836425295775,1.169255937538711,5.792984986547323,2023-04-14 16:38:46.133,2023-04-14 16:50:52.901
229.0,0.059887222222222224,1.205567189222473,4.832877024056605,0.2894275803123499,4.165350060700596,2023-04-15 06:44:15.550,2023-04-15 06:47:51.144
230.0,0.05454,1.0439643262646983,5.237865029375,0.2856731587021125,3.6544011730317956,2023-04-15 06:55:47.675,2023-04-15 06:59:04.019
231.0,0.2445613888888889,7.605839960147526,7.6203243155000004,1.8636370983824515,4.081180808618284,2023-04-15 08:00:48.829,2023-04-15 08:15:29.250
232.0,0.1455438888888889,7.733817520645742,4.892977189568629,0.7121429284144444,10.859923214943318,2023-04-15 09:19:20.048,2023-04-15 09:28:04.006
233.0,0.06520555555555556,4.782132415620107,4.400132830000001,0.28691310569838896,16.66752867206846,2023-04-16 07:33:17.178,2023-04-16 07:37:11.918
234.0,0.050709166666666666,1.0347136275823003,4.647723457415731,0.23568218342267055,4.390292098264608,2023-04-16 07:41:11.786,2023-04-16 07:44:14.339
235.0,0.3996866666666667,13.075913107591298,6.664455518655843,2.663694011399825,4.908939634819256,2023-04-17 07:49:44.683,2023-04-17 08:13:43.555
236.0,0.05477194444444444,1.9128474576699417,8.291928353917521,0.4541650391380842,4.2117893118769105,2023-04-17 09:07:23.635,2023-04-17 09:10:40.814
237.0,0.0365675,0.0066942630615982835,2.7986768541025637,0.1023406158623955,0.06541159641445986,2023-04-17 09:13:48.720,2023-04-17 09:16:00.363
238.0,0.02736833333333333,1.997101918067824,3.7686080055102043,0.10314052009747177,19.362922701771193,2023-04-17 13:23:24.855,2023-04-17 13:25:03.381
239.0,0.3229188888888889,8.811728086353174,5.076080659664906,1.6391623265293698,5.375750737884768,2023-04-17 13:31:33.697,2023-04-17 13:50:56.205
240.0,0.17481305555555557,0.005910381628391784,3.3514814382841815,0.5858827108641859,0.010087994608466738,2023-04-17 13:53:14.283,2023-04-17 14:03:43.610
241.0,0.2561797222222222,0.0,3.3948998807423534,0.8697045084208314,0.0,2023-04-17 14:06:09.570,2023-04-17 14:21:31.817
242.0,0.19128416666666667,0.47517184883494784,5.657906532743898,1.082267936193806,0.4390519509485468,2023-04-17 16:57:39.392,2023-04-17 17:09:08.015
243.0,0.11519416666666667,5.379347712680674,5.583901113908628,0.6432328355657763,8.362986799249908,2023-04-18 08:00:10.883,2023-04-18 08:07:05.582
244.0,0.18164666666666668,5.222843366215751,5.103581791598746,0.9270486205046068,5.633839747663804,2023-04-18 16:36:27.455,2023-04-18 16:47:21.383
245.0,0.15912166666666666,4.1081989289479965,5.492130083620066,0.8739168924557642,4.700903443351102,2023-04-18 17:08:11.474,2023-04-18 17:17:44.312
246.0,0.20086416666666668,1.7521352209517975,4.909062873043479,0.9860548231081507,1.7769146095030286,2023-04-19 07:40:41.030,2023-04-19 07:52:44.141
247.0,0.1743422222222222,6.431949480132853,5.093661219837134,0.8880402163135611,7.2428583322872555,2023-04-19 14:54:08.812,2023-04-19 15:04:36.444
248.0,0.21707,3.600154828004035,4.598805793380285,0.9982627735690583,3.60641999614241,2023-04-20 07:47:14.914,2023-04-20 08:00:16.366
249.0,0.15305416666666666,4.764502192314685,5.675465187615386,0.86865359473615,5.484927733202881,2023-04-20 14:57:49.659,2023-04-20 15:07:00.654
250.0,0.4352997222222222,15.718139029767796,4.253123523840103,1.851383488504396,8.489942320089172,2023-04-22 10:26:02.667,2023-04-22 10:52:09.746
251.0,0.09101027777777777,1.9879891847527695,4.909055262187502,0.44677448303814626,4.449647999666606,2023-04-22 11:01:04.094,2023-04-22 11:06:31.731
252.0,0.058956944444444444,2.406211222949233,9.207766380078134,0.5428617709276898,4.432456569629665,2023-04-22 11:11:34.245,2023-04-22 11:15:06.490
253.0,0.12925166666666665,4.236614260112252,6.298356089380533,0.8140730218125829,5.204218966351659,2023-04-22 11:23:39.007,2023-04-22 11:31:24.313
254.0,0.10263305555555555,2.2475947585103806,5.757384765491075,0.5908979904913547,3.8036933526232133,2023-04-22 11:40:40.392,2023-04-22 11:46:49.871
255.0,0.4610741666666667,1.6500447707143726,8.047775099146037,3.7106211973595093,0.44468154601406096,2023-04-22 15:27:43.446,2023-04-22 15:55:23.313
256.0,0.13350472222222223,0.1972214755148657,6.514545995747666,0.8697226535661822,0.22676364092183326,2023-04-24 07:36:58.831,2023-04-24 07:44:59.448
257.0,0.11101416666666666,7.735161784660881,8.620977475051028,0.957050630244894,8.082291093295217,2023-04-24 08:03:18.383,2023-04-24 08:09:58.034
258.0,0.05201361111111111,1.7361689828641556,6.27769627228261,0.32652565258017957,5.317098271284621,2023-04-24 08:22:50.814,2023-04-24 08:25:58.063
259.0,0.1441147222222222,5.794688672834976,5.34881506,0.7708429965899388,7.517339715700297,2023-04-24 16:25:46.320,2023-04-24 16:34:25.133
260.0,0.2287113888888889,9.367939508775942,4.902740887994508,1.1213126778555682,8.354440018186068,2023-04-25 07:52:07.811,2023-04-25 08:05:51.172
261.0,0.20423833333333336,5.668080715475325,6.944619634373259,1.4183575397583372,3.996228423787323,2023-04-25 08:50:46.424,2023-04-25 09:03:01.682
262.0,0.14828833333333333,5.840618407940127,5.301681255823754,0.786177477290678,7.429134739484073,2023-04-25 15:01:22.129,2023-04-25 15:10:15.967
263.0,0.41252416666666664,12.580753570733712,4.425336453684207,1.8255582327756994,6.891455635247035,2023-04-25 18:05:49.057,2023-04-25 18:30:34.144
264.0,0.23065055555555555,0.08093972581890081,4.615528638781869,1.064574244717615,0.07603013713747188,2023-04-26 07:50:24.035,2023-04-26 08:04:14.377
265.0,0.09601527777777777,0.0,1.8057461799999999,0.17337922106886108,0.0,2023-04-26 08:07:27.232,2023-04-26 08:13:12.887
266.0,0.31425722222222224,5.76513331221472,4.9792696020689595,1.564771433841741,3.6843293451878023,2023-04-26 08:18:55.345,2023-04-26 08:37:46.671
267.0,0.14065305555555555,0.2320370836013376,5.463865008049792,0.7685093085252833,0.30193138980528533,2023-04-26 14:56:23.240,2023-04-26 15:04:49.591
268.0,0.20339305555555556,0.507240863757117,4.509236632724457,0.9171474169528718,0.5530636126549565,2023-04-27 07:46:50.492,2023-04-27 07:59:02.707
269.0,0.2404513888888889,2.270748284975946,3.8962661718944833,0.9368626125128228,2.4237793830681515,2023-04-27 18:05:27.782,2023-04-27 18:19:53.407
270.0,0.2012825,4.040058452576245,4.623141738080565,0.9305575268952013,4.3415461546540515,2023-04-27 18:29:43.500,2023-04-27 18:41:48.117
271.0,0.15561333333333333,6.461726609464861,5.60813535705645,0.8727006366960777,7.404287722222883,2023-04-28 07:53:58.099,2023-04-28 08:03:18.307
272.0,0.15749694444444445,5.661918548488705,7.460252315306857,1.1749669444454223,4.818789647874816,2023-04-28 08:05:33.737,2023-04-28 08:15:00.726
273.0,0.18467333333333333,3.6950122442889843,4.978681569719628,0.919429721085356,4.018808789351671,2023-04-28 13:39:05.757,2023-04-28 13:50:10.581
274.0,0.14713083333333335,4.934388120305934,7.876300167931036,1.1588466072911667,4.258016625548217,2023-04-28 13:57:43.127,2023-04-28 14:06:32.798
275.0,0.15027138888888888,5.803973853434658,5.660709383106061,0.8506426610957133,6.8230458203901465,2023-04-28 15:11:22.030,2023-04-28 15:20:23.007
276.0,0.2078913888888889,5.679944683979113,6.580500658713966,1.3680294215242945,4.151917052814821,2023-04-28 15:27:14.173,2023-04-28 15:39:42.582
277.0,0.08828972222222223,1.4246166115498433,4.181330372115386,0.3691684970734085,3.858987489028786,2023-04-29 07:47:46.687,2023-04-29 07:53:04.530
278.0,0.46301444444444445,0.6131460564436653,9.264892327654318,4.28977897392646,0.14293185270625938,2023-04-29 09:42:44.566,2023-04-29 10:10:31.418
279.0,0.45421611111111115,38.05651668977603,9.799819888603775,4.451236079390929,8.549651380203446,2023-04-29 10:29:46.379,2023-04-29 10:57:01.557
280.0,0.11341277777777778,1.983348736341394,3.4091074548499996,0.38663634619746856,5.129752429763624,2023-04-29 11:06:08.553,2023-04-29 11:12:56.839
281.0,0.08565583333333333,3.713075759600877,5.631998781986755,0.4824135490033938,7.696872874469692,2023-04-30 07:34:19.872,2023-04-30 07:39:28.233
282.0,0.18886083333333334,9.89815152071053,8.420450575045317,1.5902933126452046,6.224104347295846,2023-04-30 09:44:19.518,2023-04-30 09:55:39.417
283.0,0.6529522222222223,22.076829790911052,6.872013710757846,4.487096623580916,4.92007006822436,2023-05-01 10:24:48.444,2023-05-01 11:03:59.072
284.0,0.1601502777777778,5.89854664881138,7.144008228014183,1.1441149021632013,5.155554426971345,2023-05-01 12:18:15.839,2023-05-01 12:27:52.380
285.0,0.3945708333333333,4.770631814143428,8.457304209482759,3.33700556968912,1.4296145794529995,2023-05-01 12:38:40.214,2023-05-01 13:02:20.669
286.0,0.6201841666666666,15.163793578624247,7.224745670183493,4.480672872841358,3.384267052954556,2023-05-02 14:06:34.370,2023-05-02 14:43:47.033
287.0,0.6646155555555555,41.099205697954,8.420619612139694,5.59647478164423,7.3437667999067004,2023-05-02 14:49:01.017,2023-05-02 15:28:53.633
288.0,0.05663694444444445,0.013760948150892073,3.8323778251000005,0.21705416997030957,0.06339868131892792,2023-05-03 07:52:47.779,2023-05-03 07:56:11.672
289.0,0.26796722222222225,1.1282769899183929,7.297933542771856,1.9556069794189557,0.5769446528839979,2023-05-03 12:35:25.321,2023-05-03 12:51:30.003
290.0,0.31655666666666665,7.471784635980298,8.913228323014435,2.821541847172373,2.648121148182933,2023-05-03 13:36:49.265,2023-05-03 13:55:48.869
291.0,0.04641527777777778,7.65121062667892,4.149561486585365,0.19260304905582823,39.725282980650675,2023-05-04 07:46:21.400,2023-05-04 07:49:08.495
292.0,0.159295,5.803811817123805,5.80618184,0.9248957362028,6.275098467803094,2023-05-04 07:56:01.516,2023-05-04 08:05:34.978
293.0,0.16554805555555555,5.679408813737713,8.433162954648436,1.396093729325192,4.0680712866484114,2023-05-04 08:12:24.444,2023-05-04 08:22:20.417
294.0,0.3173916666666666,0.3487104915906326,6.191140672186241,1.9650164565129777,0.1774593237806452,2023-05-04 19:24:04.733,2023-05-04 19:43:07.343
295.0,0.24877583333333333,18.129442505334126,7.376336284452052,1.835054206111463,9.879513338056089,2023-05-04 21:50:52.528,2023-05-04 22:05:48.121
296.0,0.22080277777777776,0.016239804781582177,4.743973662655368,1.0474825624189237,0.01550365167328421,2023-05-05 07:54:24.163,2023-05-05 08:07:39.053
297.0,0.07237694444444445,5.797029216034447,8.445409236640629,0.6112529151309368,9.483847148267035,2023-05-05 08:17:33.748,2023-05-05 08:21:54.305
298.0,0.06617444444444445,1.9014404089486,3.503581463534482,0.23184755691524792,8.201252729368518,2023-05-05 15:00:42.539,2023-05-05 15:04:40.767
299.0,0.14870527777777778,5.810421590778122,6.333753139875772,0.9418625200410989,6.169076130691112,2023-05-05 15:13:04.192,2023-05-05 15:21:59.531
300.0,0.2739038888888889,10.207902204083448,7.216573034503546,1.9766474186012108,5.164250390849747,2023-05-05 15:36:18.666,2023-05-05 15:52:44.720
301.0,0.3527794444444445,11.822117369391847,6.445520718241473,2.273847218136383,5.199169616629347,2023-05-05 16:03:27.016,2023-05-05 16:24:37.022
302.0,0.43753083333333337,16.337693414414613,6.385888010408969,2.7940229027675785,5.847372760699832,2023-05-05 20:59:51.326,2023-05-05 21:26:06.437
303.0,0.1028263888888889,0.024034546579743278,5.046576732670453,0.5189212616711902,0.04631636503453303,2023-05-06 08:01:38.946,2023-05-06 08:07:49.121
304.0,0.30271861111111115,1.0485099066182484,8.132989640945379,2.4620073282880393,0.42587602992527707,2023-05-06 08:12:52.428,2023-05-06 08:31:02.215
305.0,0.23483444444444446,11.525730842324794,5.500882572287233,1.2917967028171988,8.922248227750579,2023-05-06 10:21:14.147,2023-05-06 10:35:19.551
306.0,0.2843961111111111,1.969831357078357,8.24603214867203,2.345139475179525,0.8399634128062095,2023-05-06 11:31:27.351,2023-05-06 11:48:31.177
307.0,0.6140594444444445,7.69398621559884,9.797275644121628,6.016109639098414,1.27889727367932,2023-05-07 08:00:21.324,2023-05-07 08:37:11.938
308.0,0.4600944444444444,20.75969972663582,9.157470250403335,4.21330118737585,4.9271815147792655,2023-05-07 09:25:58.641,2023-05-07 09:53:34.981
309.0,2.137375,53.13282099674091,5.954584259292796,12.72717953120594,4.174752219567882,2023-05-07 10:04:57.391,2023-05-07 12:13:11.941
310.0,0.5958994444444444,43.07806241748196,13.752796563528852,8.195283831764307,5.256445451042783,2023-05-07 12:26:01.581,2023-05-07 13:01:46.819
311.0,0.13361861111111112,0.188474399176116,9.442766989559477,1.261729410190785,0.1493778282838132,2023-05-07 17:21:00.763,2023-05-07 17:29:01.790
312.0,0.9231144444444445,6.997765980612785,8.700870054258655,8.031898826320282,0.8712467788664524,2023-05-07 18:20:58.523,2023-05-07 19:16:21.735
313.0,0.21925777777777777,40.8479959681774,5.145810461888891,1.1282589667393983,36.20445054935011,2023-05-08 07:57:51.576,2023-05-08 08:11:00.904
314.0,0.17607638888888888,9.801917906385098,8.379417469258067,1.4754175689794327,6.64348731672297,2023-05-08 08:19:16.839,2023-05-08 08:29:50.714
315.0,0.06805694444444445,2.4607143931438835,6.792621323416665,0.4622850520399166,5.322937400388646,2023-05-08 10:36:12.589,2023-05-08 10:40:17.594
316.0,0.1398713888888889,7.557937522605358,5.839588006016255,0.8167912849403908,9.253205392803542,2023-05-08 16:16:48.953,2023-05-08 16:25:12.490
317.0,0.1804333333333333,3.6412918073715983,6.527469275034245,1.1777730395253454,3.091675293262848,2023-05-09 07:57:36.717,2023-05-09 08:08:26.277
318.0,0.12348694444444444,6.355825948676671,4.570002146451611,0.564335601169862,11.262493338185838,2023-05-09 09:20:04.713,2023-05-09 09:27:29.266
319.0,0.13921583333333334,5.674978517883249,8.479905132350993,1.180537059587854,4.807115940828221,2023-05-09 09:29:45.709,2023-05-09 09:38:06.886
320.0,0.1429025,3.7683763064290203,2.7790724465600003,0.3971364002945404,9.488871590803976,2023-05-09 17:22:58.238,2023-05-09 17:31:32.687
321.0,0.16104277777777778,2.888863422094188,5.8739836244961285,0.9459626395100357,3.0538874385044252,2023-05-10 07:52:49.489,2023-05-10 08:02:29.243
322.0,0.06346944444444445,5.575945419229644,9.905097503076927,0.6286710356883465,8.869416758041687,2023-05-10 08:05:21.973,2023-05-10 08:09:10.463
323.0,0.14528027777777777,7.65802350831979,6.00139509662745,0.8718843466922295,8.783301979640921,2023-05-10 14:50:37.862,2023-05-10 14:59:20.871
324.0,0.14713583333333333,5.695816195217878,8.327559267391303,1.225282372440342,4.648574339540825,2023-05-10 15:23:08.737,2023-05-10 15:31:58.426
325.0,0.26515361111111113,12.886473320217833,6.37280888081721,1.6897732876696419,7.626155185580846,2023-05-10 17:40:40.344,2023-05-10 17:56:34.897
326.0,0.19383944444444445,5.8231275108025375,6.0457438105144705,1.1719036214835634,4.96894744930542,2023-05-11 07:47:23.926,2023-05-11 07:59:01.748
327.0,0.16256694444444444,6.705512590409802,8.882381343008598,1.4439815943232486,4.643765970959261,2023-05-11 08:00:48.575,2023-05-11 08:10:33.816
328.0,0.14741194444444444,8.807568999909321,5.65012640826255,0.8328961201988875,10.574630840885847,2023-05-11 14:58:57.391,2023-05-11 15:07:48.074
329.0,0.14258361111111112,8.859803690222082,5.930900272600895,0.845649178007309,10.476925799300552,2023-05-12 07:50:59.097,2023-05-12 07:59:32.398
330.0,0.19679555555555558,6.757824371613339,7.944412545273164,1.5634250804095575,4.322448485886543,2023-05-12 08:01:49.344,2023-05-12 08:13:37.808
331.0,0.13771972222222223,4.358981703872528,5.002564193016528,0.6889517510610714,6.326976739893837,2023-05-12 09:58:01.567,2023-05-12 10:06:17.358
332.0,0.3033180555555555,9.039600670504218,4.122979594933842,1.250574153830565,7.228360383760942,2023-05-12 13:54:08.883,2023-05-12 14:12:20.828
333.0,0.030167222222222224,0.025478919271391665,3.69306719471698,0.11140957874462597,0.2286959483959155,2023-05-12 14:14:35.662,2023-05-12 14:16:24.264
334.0,0.1484063888888889,6.666041201901375,10.729801458438816,1.5923710879416382,4.186236017710019,2023-05-12 14:30:26.581,2023-05-12 14:39:20.844
335.0,0.11002777777777778,4.546534234257791,5.559700987296135,0.6117215447411108,7.432359172802959,2023-05-12 14:45:14.236,2023-05-12 14:51:50.336
336.0,0.2644283333333333,12.884373545528264,6.84293177989224,1.8094650456706052,7.120542934142832,2023-05-13 07:52:27.278,2023-05-13 08:08:19.220
337.0,0.10551416666666667,4.009490585248713,6.745469237297298,0.71174256534906,5.633343824648647,2023-05-13 08:13:31.579,2023-05-13 08:19:51.430
338.0,0.38242916666666665,12.828349467250426,6.897408436365038,2.6377701604787176,4.863331028402514,2023-05-13 11:41:11.187,2023-05-13 12:04:07.932
339.0,0.14813055555555554,1.1626763113201772,3.7423505759032234,0.5543564698921978,2.097344171966236,2023-05-13 12:06:18.455,2023-05-13 12:15:11.725
340.0,0.6002627777777777,28.064203761180543,7.519686053279308,4.513787638358252,6.217439988246326,2023-05-14 08:10:50.867,2023-05-14 08:46:51.813
341.0,0.08245972222222223,1.5126245946039858,3.6919904112499995,0.304440503758783,4.968539257846196,2023-05-14 08:48:50.555,2023-05-14 08:53:47.410
342.0,0.5425225,27.479580252454618,8.201786904905655,4.449653936116678,6.175666837685971,2023-05-14 09:03:13.666,2023-05-14 09:35:46.747
343.0,0.7760538888888888,45.068088819612136,10.254831979915313,7.958302237915422,5.663028052000342,2023-05-14 10:22:09.871,2023-05-14 11:08:43.665
344.0,0.7361066666666667,43.047227747845575,10.959801786363649,8.067583160287525,5.335826962372631,2023-05-14 17:25:13.992,2023-05-14 18:09:23.976
345.0,0.06447666666666667,1.2098947247631051,4.2661350992920335,0.27506617075201933,4.398558795708334,2023-05-15 06:11:35.063,2023-05-15 06:15:27.179
346.0,0.04922555555555555,1.02109937161626,4.3726765477011496,0.2152474323253378,4.743839964013645,2023-05-15 06:21:02.876,2023-05-15 06:24:00.088
347.0,0.23292444444444446,5.836463598857968,4.49252238227027,1.0464182800445347,5.577562730086838,2023-05-15 07:42:37.875,2023-05-15 07:56:36.403
348.0,0.1575277777777778,6.501510326444248,7.800263367427537,1.2287581543522657,5.291122832768902,2023-05-15 08:04:14.269,2023-05-15 08:13:41.369
349.0,0.10789277777777777,8.965282140782545,8.6835462627957,0.936891927254869,9.569174287851089,2023-05-15 15:19:39.750,2023-05-15 15:26:08.164
350.0,0.1516788888888889,5.811929383520647,6.140435743547173,0.9313744708748535,6.240163935416244,2023-05-15 15:30:50.952,2023-05-15 15:39:56.996
351.0,0.4219658333333333,15.788584459108643,6.744883395755112,2.846110342825969,5.547425277767618,2023-05-15 15:42:58.127,2023-05-15 16:08:17.204
352.0,0.06673305555555556,10.654227987705754,9.518302929829058,0.6351854382108898,16.773413473890773,2023-05-16 08:13:08.722,2023-05-16 08:17:08.961
353.0,0.2978986111111111,13.355562178080838,5.954828080553795,1.773935014602419,7.528777586632246,2023-05-16 08:22:24.297,2023-05-16 08:40:16.732
354.0,0.28216833333333335,13.222602817216742,9.239156654338084,2.606997434560153,5.0719661791487844,2023-05-16 11:26:12.494,2023-05-16 11:43:08.300
355.0,0.18513777777777776,10.581143891624297,8.179847539930313,1.5143987961037204,6.987026085102355,2023-05-16 15:22:52.875,2023-05-16 15:33:59.371
356.0,0.1997436111111111,6.155724059640205,4.05044443884735,0.8090503988202878,7.608579228953027,2023-05-16 19:07:20.787,2023-05-16 19:19:19.864
357.0,0.07929555555555555,0.02961487035810792,3.501082042554744,0.2776202456099576,0.10667402981739059,2023-05-17 07:40:18.264,2023-05-17 07:45:03.728
358.0,0.3476583333333333,10.92800386155606,6.528890074039938,2.269823041657268,4.814473930785894,2023-05-17 07:47:27.686,2023-05-17 08:08:19.256
359.0,0.3577638888888889,17.429036221829268,6.794969508094377,2.430994716097265,7.169508064505363,2023-05-17 09:45:10.754,2023-05-17 10:06:38.704
360.0,0.2978772222222222,15.654450644711114,9.010996760382977,2.684170684436324,5.832136806903004,2023-05-17 11:38:03.793,2023-05-17 11:55:56.151
361.0,0.1501813888888889,5.775554869088197,6.4233951233891196,0.9646744010126937,5.987051032996364,2023-05-18 07:49:55.797,2023-05-18 07:58:56.450
362.0,0.14438666666666666,5.724113824973469,8.339426100645165,1.2041019365851533,4.753844878953621,2023-05-18 08:11:15.315,2023-05-18 08:19:55.107
363.0,0.1376652777777778,5.817201541505306,5.698092707438017,0.7844295153729846,7.415837149803464,2023-05-18 14:40:13.001,2023-05-18 14:48:28.596
364.0,0.23328805555555554,7.2633044802437565,6.935151713009943,1.6178880581108699,4.489373936491482,2023-05-18 15:15:57.883,2023-05-18 15:29:57.720
365.0,0.16526555555555555,8.277415051722096,5.015606183155894,0.8289069423071384,9.985940072697607,2023-05-19 07:48:20.857,2023-05-19 07:58:15.813
366.0,0.1254663888888889,5.199937173100685,9.163563161388886,1.1497191792147141,4.522788927164256,2023-05-19 08:04:09.013,2023-05-19 08:11:40.692
